{
    "bignumber.js": {
        "tarmaq": {
            "all": [
                2885.814499989152,
                2638.72533300519,
                2635.5741659998894,
                2665.5626669973135,
                2625.747041001916,
                2671.4592919945717,
                2568.901749998331,
                2587.629917010665,
                2641.240999996662,
                2684.713165998459
            ],
            "average": 2660.536883199215
        },
        "caprese": {
            "all": [
                3363.2567919939756,
                2797.330249994993,
                2703.889875009656,
                2658.892917007208,
                2747.1890000104904,
                2749.1123750060797,
                2723.3000410050154,
                2687.8932919949293,
                2726.5774579942226,
                2748.3937499970198
            ],
            "average": 2790.583575001359
        },
        "FPD": {
            "all": [
                2864.618625000119,
                2829.913084000349,
                2734.992791995406,
                2696.94537499547,
                2750.0227089971304,
                2731.557790994644,
                2685.7445829957724,
                2637.093417003751,
                2727.3964159935713,
                2697.1578750014305
            ],
            "average": 2735.544266697764
        },
        "DA": {
            "all": 57473,
            "test": 89
        }
    },
    "nock": {
        "tarmaq": {
            "all": [
                2671.671250000596,
                2864.3377080112696,
                2648.7087499946356,
                2657.560625001788,
                2627.2630410045385,
                2732.2714160084724,
                2588.190625011921,
                2683.4919999986887,
                2742.1189580112696,
                2721.9965840131044
            ],
            "average": 2693.7610957056286
        },
        "caprese": {
            "all": [
                3074.108708009124,
                2747.9095840007067,
                2849.7299159914255,
                2842.4413340091705,
                3130.3922500014305,
                3339.6878750026226,
                3238.767000004649,
                2681.168958991766,
                2830.5974580049515,
                2647.1105840057135
            ],
            "average": 2938.191366802156
        },
        "FPD": {
            "all": [
                2930.518250003457,
                2682.985958993435,
                2814.8750419914722,
                2640.340292006731,
                2998.541124999523,
                3155.1961659938097,
                3190.201250001788,
                2732.9368329942226,
                2775.034333989024,
                2816.9752089977264
            ],
            "average": 2873.760445997119
        },
        "DA": {
            "all": 65141.1294580102,
            "test": 11067
        }
    },
    "environment": {
        "tarmaq": {
            "all": [
                2624.868666008115,
                2699.0605420023203,
                2681.922541990876,
                2709.516332998872,
                2684.2214160114527,
                2691.1245419979095,
                2654.8570000082254,
                2647.931500002742,
                2644.8690409958363
            ],
            "average": 2670.9301757795943
        },
        "caprese": {
            "all": [
                3303.7832919955254,
                2835.357458010316,
                2873.680041000247,
                2792.43983399868,
                2725.205415993929,
                2783.898374989629,
                2955.490332990885,
                2923.698624998331,
                2677.1127910017967
            ],
            "average": 2874.518462775482
        },
        "FPD": {
            "all": [
                3074.8653339892626,
                2790.552332997322,
                2882.4541670084,
                2792.344790995121,
                2753.0382499992847,
                2887.1265000104904,
                2906.7410410046577,
                2902.073624998331,
                2678.0324590057135
            ],
            "average": 2851.9142777787315
        },
        "DA": {
            "all": 289154.06087501347,
            "test": 35012
        }
    },
    "fastify": {
        "tarmaq": {
            "all": [
                2739.9479169994593,
                2815.983541995287,
                2627.294042006135,
                2659.011207997799,
                2781.7491250038147,
                2734.1235830038786,
                2709.7531249970198,
                2641.4823340028524,
                2646.618083998561,
                2587.3788329958916
            ],
            "average": 2694.33417930007
        },
        "caprese": {
            "all": [
                4750.574249997735,
                13713.505917012691,
                5295.003250002861,
                2739.0462089926004,
                3900.7004580050707,
                2800.6193749904633,
                4471.370208993554,
                3114.842500001192,
                4411.446958005428,
                4047.120499998331
            ],
            "average": 4924.422962599992
        },
        "FPD": {
            "all": [
                4549.397916987538,
                12851.151832997799,
                5374.433582991362,
                2642.7674580067396,
                3876.1171659976244,
                2856.092790991068,
                4397.875375002623,
                2991.4377500116825,
                4422.536167010665,
                4081.9443749934435
            ],
            "average": 4804.375441499054
        },
        "DA": {
            "all": 60252.598,
            "test": 36096
        }
    },
    "assemble": {
        "tarmaq": {
            "all": [
                2476.58833399415,
                2564.2320419996977,
                2578.786375001073,
                2592.963834002614,
                2562.3255410045385,
                2594.5442079901695,
                2545.248540997505,
                2595.4132499992847,
                2613.0014999955893,
                2593.961500003934
            ],
            "average": 2571.706512498856
        },
        "caprese": {
            "all": [
                3050.582291007042,
                2571.650999993086,
                2588.6556659936905,
                2549.2291660010815,
                2668.376040995121,
                2641.539833009243,
                2547.0682089924812,
                2577.1951249986887,
                2573.2451249957085,
                2689.7157500088215
            ],
            "average": 2645.7258205994963
        },
        "FPD": {
            "all": [
                2698.5890000015497,
                2544.9845420122147,
                2561.8468749970198,
                2498.7468750029802,
                2660.6209160089493,
                2683.9695420116186,
                2567.8198750019073,
                2533.46758300066,
                2773.2586670070887,
                2684.559458002448
            ],
            "average": 2620.7863333046434
        },
        "DA": {
            "all": 65618.01866699755,
            "test": 2060
        }
    },
    "session": {
        "tarmaq": {
            "all": [
                2619.773708000779,
                2734.7170419991016,
                2517.4088339954615,
                2805.9667079895735,
                2584.8275420069695,
                2803.354417011142,
                2800.6843750029802,
                2496.0625,
                2656.497583001852,
                2562.188124999404
            ],
            "average": 2658.148083400726
        },