{
    "cla-assistant": {
        "tarmaq": {
            "all": [
                3837.588832974434,
                3885.9462920427322,
                3899.9649579524994,
                3949.305333018303,
                3980.028249979019
            ],
            "average": 3910.5667331933973
        },
        "berke": {
            "all": [
                4153.613916993141,
                3897.6973749399185,
                4216.693790912628,
                4078.071499943733,
                4419.670417070389
            ],
            "average": 4153.149399971962
        },
        "FP": {
            "all": [
                3924.876708984375,
                3850.417165994644,
                4156.134750008583,
                4024.377833008766,
                4299.7917910814285
            ],
            "average": 4051.1196498155596
        },
        "DA": {
            "all": 73514.27625000477
        }
    },
    "grant": {
        "tarmaq": {
            "all": [
                3844.5518749952316,
                5341.353707909584,
                3823.7434589862823,
                3862.5140841007233,
                3742.526999950409
            ],
            "average": 4122.938025188446
        },
        "berke": {
            "all": [
                4671.457666039467,
                4974.0764590501785,
                5380.6704169511795,
                4382.33166706562,
                3872.364624977112
            ],
            "average": 4656.180166816712
        },
        "FP": {
            "all": [
                4455.236457943916,
                4988.467500090599,
                5120.178416967392,
                4268.507957935333,
                3885.1900420188904
            ],
            "average": 4543.516074991227
        },
        "DA": {
            "all": 48779.02816700935
        }
    },
    "jhipster-uml": {
        "tarmaq": {
            "all": [
                3929.181084036827,
                3958.401000022888,
                3874.5984169244766,
                3900.403958082199,
                3995.869290947914
            ],
            "average": 3931.690750002861
        },
        "berke": {
            "all": [
                4591.309666991234,
                4364.683707952499,
                4348.056790947914,
                4083.9787499904633,
                4491.2850840091705
            ],
            "average": 4375.862799978257
        },
        "FP": {
            "all": [
                4335.841166973114,
                4482.311874985695,
                4299.669709086418,
                3995.4705419540405,
                4485.518417000771
            ],
            "average": 4319.762342000007
        },
        "DA": {
            "all": 44050.30341601372
        }
    },
    "nodejs-cloudant": {
        "tarmaq": {
            "all": [
                3935.7469170093536,
                3935.733999967575,
                3905.6552079916,
                3945.5764589309692,
                3919.4299170970917
            ],
            "average": 3928.428500199318
        },
        "berke": {
            "all": [
                5190.622542023659,
                4267.98387503624,
                4581.271791934967,
                3820.6502920389175,
                4178.662083983421
            ],
            "average": 4407.838117003441
        },
        "FP": {
            "all": [
                5037.232500076294,
                4229.874916911125,
                4621.8371250629425,
                3929.5532079935074,
                4702.375165939331
            ],
            "average": 4504.17458319664
        },
        "DA": {
            "all": 242269.26366698742
        }
    },
    "neo-async": {
        "tarmaq": {
            "all": [
                4030.142207980156,
                3944.3520419597626,
                3793.211667060852,
                4123.681124925613,
                5540.276625037193
            ],
            "average": 4286.332733392715
        },
        "berke": {
            "all": [
                22380.45387494564,
                4110.65470802784,
                22879.920833945274,
                12280.969666957855,
                4014.194625020027
            ],
            "average": 13133.238741779327
        },
        "FP": {
            "all": [
                21542.6194999218,
                4033.9235830307007,
                22524.758207917213,
                12463.443333983421,
                4212.3136249780655
            ],
            "average": 12955.41164996624
        },
        "DA": {
            "all": 81147.80333304405
        }
    },
    "markdown-it": {
        "tarmaq": {
            "all": [
                4217.668458104134,
                4057.9579589366913,
                3901.200707912445,
                3887.236541032791,
                3992.849334001541
            ],
            "average": 4011.3825999975206
        },
        "berke": {
            "all": [
                4556.001749992371,
                4385.092833042145,
                4156.909208059311,
                3973.413375020027,
                3977.7225419282913
            ],
            "average": 4209.827941608429
        },
        "FP": {
            "all": [
                4258.581250071526,
                4437.718917012215,
                4007.3436250686646,
                4143.5043749809265,
                3987.21875
            ],
            "average": 4166.873383426666
        },
        "DA": {
            "all": 132245.43583393097
        }
    },
    "environment": {
        "tarmaq": {
            "all": [
                4179.32479095459,
                4080.4510000944138,
                4082.9415830373764,
                4048.227208018303,
                4088.3569999933243
            ],
            "average": 4095.8603164196015
        },
        "berke": {
            "all": [
                4542.533332943916,
                4252.250041007996,
                4355.597707986832,
                4388.190040946007,
                4393.864416956902
            ],
            "average": 4386.487107968331
        },
        "FP": {
            "all": [
                4211.137084007263,
                4286.03250002861,
                4309.423999905586,
                4445.708791017532,
                4396.593333005905
            ],
            "average": 4329.77914159298
        },
        "DA": {
            "all": 531311.4414999485
        }
    },
    "eslint-plugin-react": {
        "tarmaq": {
            "all": [
                4043.386375069618,
                3934.3749589920044,
                3932.0873330831528,
                3994.018458008766,
                4680.765958070755
            ],
            "average": 4116.92661664486
        },
        "berke": {
            "all": [
                4074.381250023842,
                3991.4187079668045,
                3919.79662501812,
                4003.5803750753403,
                4311.976250052452
            ],
            "average": 4060.230641627312
        },
        "FP": {
            "all": [
                4128.9018750190735,
                3905.4178750514984,
                3974.103458046913,
                3970.570667028427,
                4181.441457986832
            ],
            "average": 4032.0870666265487
        },
        "DA": {
            "all": 23705.022082924843
        }
    },
    "express": {
        "tarmaq": {
            "all": [
                4161.080083012581,
                4101.413375020027,
                4151.1961669921875,
                4143.647082924843,
                4156.6628749370575
            ],
            "average": 4142.799916577339
        },