{
    "cla-assistant": {
        "tarmaq": {
            "all": [
                2666.7307918071747,
                2625.2450840473175,
                2638.066957950592,
                2607.0970001220703,
                3094.840749979019
            ],
            "average": 2726.396116781235
        },
        "berke": {
            "all": [
                3162.161707878113,
                2530.8012499809265,
                2843.313957929611,
                2661.296875,
                2985.4355828762054
            ],
            "average": 2836.6018747329713
        },
        "FP": {
            "all": [
                2654.2947909832,
                2631.0920000076294,
                3011.777542114258,
                2626.812707901001,
                3161.989333152771
            ],
            "average": 2817.1932748317718
        },
        "DA": {
            "all": ""
        }
    },
    "grant": {
        "tarmaq": {
            "all": [
                2601.34304189682,
                2596.2294590473175,
                2637.483417034149,
                2631.9470829963684,
                2586.539083003998
            ],
            "average": 2610.7084167957305
        },
        "berke": {
            "all": [
                3245.931125164032,
                3480.094332933426,
                3866.023416996002,
                2819.6202919483185,
                2593.073208093643
            ],
            "average": 3200.9484750270844
        },
        "FP": {
            "all": [
                3062.9790000915527,
                3405.2047910690308,
                3928.147500038147,
                2850.0557079315186,
                2598.3557920455933
            ],
            "average": 3168.9485582351685
        },
        "DA": {
            "all": ""
        }
    },
    "jhipster-uml": {
        "tarmaq": {
            "all": [
                2645.0716660022736,
                2603.094125032425,
                2584.8923749923706,
                2587.0326669216156,
                2579.2537910938263
            ],
            "average": 2599.868924808502
        },
        "berke": {
            "all": [
                3161.806540966034,
                3005.594125032425,
                2783.758749961853,
                2685.6924998760223,
                3017.085375070572
            ],
            "average": 2930.787458181381
        },
        "FP": {
            "all": [
                2916.2852499485016,
                2947.2181668281555,
                2816.3888750076294,
                2710.777708053589,
                3013.1359589099884
            ],
            "average": 2880.761191749573
        },
        "DA": {
            "all": ""
        }
    },
    "nodejs-cloudant": {
        "tarmaq": {
            "all": [
                2664.5093750953674,
                2595.470666885376,
                2747.082291841507,
                2705.546707868576,
                2729.702875137329
            ],
            "average": 2688.462383365631
        },
        "berke": {
            "all": [
                3308.0229167938232,
                2883.816375017166,
                3111.293541908264,
                2802.6241669654846,
                2820.9446251392365
            ],
            "average": 2985.340325164795
        },
        "FP": {
            "all": [
                3320.991459131241,
                3176.536666870117,
                3782.6991250514984,
                3590.8741250038147,
                3085.1070001125336
            ],
            "average": 3391.241675233841
        },
        "DA": {
            "all": ""
        }
    },
    "markdown-it": {
        "tarmaq": {
            "all": [
                2568.8835830688477,
                2629.6378750801086,
                2625.116832971573,
                2579.4734160900116,
                2647.246166944504
            ],
            "average": 2610.071574831009
        },
        "berke": {
            "all": [
                2783.7860000133514,
                2853.472290992737,
                2616.468500137329,
                2667.954249858856,
                2680.161124944687
            ],
            "average": 2720.368433189392
        },
        "FP": {
            "all": [
                2806.516541957855,
                2820.9425411224365,
                2647.711250066757,
                2751.598792076111,
                2625.001083135605
            ],
            "average": 2730.354041671753
        },
        "DA": {
            "all": ""
        }
    },
    "environment": {
        "tarmaq": {
            "all": [
                2746.6662499904633,
                2692.6016669273376,
                2584.181165933609,
                2788.488832950592,
                2698.78258395195
            ],
            "average": 2702.1440999507904
        },
        "berke": {
            "all": [
                2775.844666004181,
                2715.515208005905,
                2801.094875097275,
                2896.7081661224365,
                3034.9798328876495
            ],
            "average": 2844.8285496234894
        },
        "FP": {
            "all": [
                2815.434292078018,
                2806.3839168548584,
                2742.4212911129,
                2876.2454998493195,
                3071.9213750362396
            ],
            "average": 2862.481274986267
        },
        "DA": {
            "all": ""
        }
    },
    "eslint-plugin-react": {
        "tarmaq": {
            "all": [
                2804.1053750514984,
                2786.255249977112,
                2662.2272090911865,
                2832.5452909469604,
                2796.657166957855
            ],
            "average": 2776.3580584049223
        },
        "berke": {
            "all": [
                3060.1645419597626,
                2689.2960410118103,
                2630.4117500782013,
                2795.693249940872,
                2900.7039580345154
            ],
            "average": 2815.2539082050325
        },
        "FP": {
            "all": [
                2813.679041862488,
                2666.4364590644836,
                2666.4910418987274,
                2913.8870420455933,
                2806.465209007263
            ],
            "average": 2773.391758775711
        },
        "DA": {
            "all": ""
        }
    },
    "express": {
        "tarmaq": {
            "all": [
                3012.8220410346985,
                2704.9802079200745,
                2719.3335421085358,
                2777.101042032242,
                2804.3527920246124
            ],
            "average": 2803.7179250240324
        },
        "berke": {
            "all": [
                2761.171583175659,
                2678.3997089862823,
                4102.431041955948,
                2656.959000110626,
                2860.7936658859253
            ],
            "average": 3011.9510000228884
        },
        "FP": {
            "all": [
                2706.882625102997,
                2651.087666988373,
                2835.9335420131683,
                2578.143082857132,
                2828.920750141144
            ],
            "average": 2720.1935334205627
        },
        "DA": {
            "all": ""
        }
    },
    "assemble": {
        "tarmaq": {
            "all": [
                2704.0281250476837,
                2654.2026669979095,
                2630.720417022705,
                2788.5322499275208,
                2638.0504171848297
            ],
            "average": 2683.1067752361296
        },
        "berke": {
            "all": [
                2743.2158749103546,
                3215.9865419864655,
                3057.4787080287933,
                2662.6766250133514,
                2754.5068328380585
            ],
            "average": 2886.7729165554047
        },