{
    "eslint-plugin-react": {
        "tarmaq": {
            "all": [
                2616.2831249833107,
                2616.623542010784,
                2641.1296249628067,
                2650.436833024025,
                2604.585707962513
            ],
            "average": 2625.811766588688
        },
        "berke": {
            "all": [
                2944.4073749780655,
                2680.5546659827232,
                2631.802874982357,
                2887.0697500109673,
                2759.289958000183
            ],
            "average": 2780.624924790859
        }
    },
    "ws": {
        "tarmaq": {
            "all": [
                2748.5868750214577,
                2778.04804199934,
                2683.605042040348,
                2702.8118750452995,
                2694.21875
            ],
            "average": 2721.454116821289
        },
        "berke": {
            "all": [
                3105.15600001812,
                2932.9758340120316,
                4940.524457991123,
                3476.192583024502,
                4633.733042001724
            ],
            "average": 3817.7163834095
        }
    },
    "cla-assistant": {
        "tarmaq": {
            "all": [
                2708.7070840001106,
                2708.302124977112,
                2777.160667002201,
                2899.2873750329018,
                2719.067417025566
            ],
            "average": 2762.504933607578
        },
        "berke": {
            "all": [
                2835.108292043209,
                2524.226583003998,
                2750.405749976635,
                2753.417667031288,
                3112.1313329935074
            ],
            "average": 2795.0579250097276
        }
    },
    "grant": {
        "tarmaq": {
            "all": [
                2599.7157080173492,
                2645.910667002201,
                2783.776874959469,
                2586.7950409650803,
                2724.85929197073
            ],
            "average": 2668.211516582966
        },
        "berke": {
            "all": [
                3111.1661660075188,
                3492.804540991783,
                3661.485457956791,
                2834.4460420012474,
                2723.5160840153694
            ],
            "average": 3164.6836581945417
        }
    },
    "markdown-it": {
        "tarmaq": {
            "all": [
                2686.861874997616,
                2702.65625,
                2640.6952500343323,
                2519.003500044346,
                2547.2945830225945
            ],
            "average": 2619.302291619778
        },
        "berke": {
            "all": [
                2898.9366250038147,
                2873.301542043686,
                2717.082000017166,
                2641.347458958626,
                2552.8286660313606
            ],
            "average": 2736.6992584109307
        }
    },
    "environment": {
        "tarmaq": {
            "all": [
                2552.1656669974327,
                2584.486707985401,
                2572.437790989876,
                2564.709374964237,
                2705.789417028427
            ],
            "average": 2595.917791593075
        },
        "berke": {
            "all": [
                2792.4634999632835,
                2661.867042005062,
                2725.054041981697,
                2843.686749994755,
                2833.5162499547005
            ],
            "average": 2771.3175167798995
        }
    },
    "nodejs-cloudant": {
        "tarmaq": {
            "all": [
                2697.4360830187798,
                2669.072708964348,
                2662.4584169983864,
                2560.7730000019073,
                2573.2345830202103
            ],
            "average": 2632.5949584007262
        },
        "berke": {
            "all": [
                3292.2271249890327,
                2861.234875023365,
                3058.68995898962,
                2561.6739169955254,
                2780.379541993141
            ],
            "average": 2910.8410835981367
        }
    },
    "assemble": {
        "tarmaq": {
            "all": [
                2499.724500000477,
                2567.8630840182304,
                2731.7643749713898,
                2551.8441249728203,
                2671.768124997616
            ],
            "average": 2604.592841792107
        },
        "berke": {
            "all": [
                2730.3597080111504,
                2605.3733749985695,
                2991.3962500095367,
                2697.1565830111504,
                2562.8944579958916
            ],
            "average": 2717.4360748052595
        }
    },
    "express": {
        "tarmaq": {
            "all": [
                2726.7013750076294,
                2688.996959030628,
                2906.517708003521,
                2691.6593749523163,
                2719.775667011738
            ],
            "average": 2746.7302168011665
        },
        "berke": {
            "all": [
                2915.4632499814034,
                2613.5665830373764,
                2758.437249958515,
                2702.304708003998,
                2889.818958044052
            ],
            "average": 2775.918149805069
        }
    },
    "session": {
        "tarmaq": {
            "all": [
                2707.4188330173492,
                2554.4349160194397,
                2593.0935840010643,
                2708.8374589681625,
                2590.8178750276566
            ],
            "average": 2630.9205334067346
        },
        "berke": {
            "all": [
                2826.360667049885,
                2782.3082500100136,
                2657.1901659965515,
                2637.3107500076294,
                2699.954415977001
            ],
            "average": 2720.624849808216
        }
    },
    "jhipster-uml": {
        "tarmaq": {
            "all": [
                2664.2607499957085,
                2703.09620898962,
                2611.6355830430984,
                2551.934125006199,
                2597.2078750133514
            ],
            "average": 2625.6269084095957
        },
        "berke": {
            "all": [
                3288.0427500009537,
                2964.6962919831276,
                2966.2418749928474,
                2703.118875026703,
                2931.4693340063095
            ],
            "average": 2970.713825201988
        }
    },
    "neo-async": {
        "tarmaq": {
            "all": [
                2742.0896670222282,
                2652.7582499980927,
                2626.8751670122147,
                2656.5159999728203,
                2573.182042002678
            ],
            "average": 2650.2842252016067
        },
        "berke": {
            "all": [
                14898.110624969006,
                2638.472416996956,
                14285.378374993801,
                7944.470457971096,
                2627.20195800066
            ],
            "average": 8478.726766586304
        }
    }
}