  {
    berke_units_contribution: {
      average: { FP: 28.5, DA: 5.1, Common: 0.6 },
      precentage: {
        FP: 88.93641618497111,
        DA: 10.716763005780347,
        Common: 0.34682080924855485
      }
    },
    average_commmit_size: 4.4,
    berke: {
      avarage_impactSet_size: 34.2,
      average_unique_result: 20.2,
      average_fp_support: 1.6941580756013745,
      average_fp_confidence: 0.7172861669814036
    },
    tarmaq: {
      avarage_impactSet_size: 17.3,
      average_unique_result: 0,
      average_support: 1.670520231213873,
      average_confidence: 0.7504816955684006
    }
  }

  {
    berke_units_contribution: {
      average: { FP: 21, DA: 1.4, Common: 0.4 },
      precentage: {
        FP: 80.26688760074826,
        DA: 9.184764786032655,
        Common: 0.5483476132190942
      }
    },
    average_commmit_size: 3.7,
    berke: {
      avarage_impactSet_size: 22.8,
      average_unique_result: 11,
      average_fp_support: 2.2196261682242993,
      average_fp_confidence: 0.8193260949239507
    },
    tarmaq: {
      avarage_impactSet_size: 17,
      average_unique_result: 0,
      average_support: 1.3470588235294119,
      average_confidence: 0.9676470588235291
    }
  }
//  FINAL DATA
  {
    average_commmit_size: 3.7,
    'units contribution summary': {
      'impact-set size': {
        DA: '{"min":0,"max":4,"avg":1.7999999999999998,"unique":1.4}',
        FP: '{"min":0,"max":88,"avg":21.4,"unique":21}',
        'avg common': 0.4
      },
      'True Positives': {
        DA: '{"avg":0.4,"avg commit %":0.1130952380952381,"total %":0.22222222222222227}',
        FP: '{"avg":7.2,"avg commit %":0.5217948717948718,"total %":0.33644859813084116}'
      }
    },
    berke: {
      min: 0,
      max: 95,
      avg: 22.8,
      'Average Precision': 0.3522554918700415,
      'Average True Positives': 7.6,
      'Average Unique Results': 11,
      'Average FP Support': 2.2196261682242993,
      'Average FP Confidence': 0.8193260949239507
    },
    tarmaq: {
      min: 0,
      max: 94,
      avg: 17,
      'Average Precision': 0.22367884884171702,
      'Average True Positives': 1.4,
      'Average Unique Results': 0,
      'Average FP Support': 1.3470588235294119,
      'Average FP Confidence': 0.9676470588235291
    }
  }